timestamp,N,E,array_type,algorithm,execution_time,comparisons,swaps
20260823_133038,1000,10,random,lomuto_quicksort,0.000263882,10818,6003
20260823_133038,1000,10,random,hoare_quicksort,0.000222373,19243,2361
20260823_133038,1000,10,random,library_qsort,0.000152111,8736,0
20260823_133038,1000,10,sorted,lomuto_quicksort,0.008556223,499500,500499
20260823_133038,1000,10,sorted,hoare_quicksort,0.002716184,502497,0
20260823_133038,1000,10,sorted,library_qsort,0.000076795,4932,0
20260823_133038,1000,10,reverse_sorted,lomuto_quicksort,0.006080198,499500,250499
20260823_133038,1000,10,reverse_sorted,hoare_quicksort,0.002630210,503497,500
20260823_133038,1000,10,reverse_sorted,library_qsort,0.000099325,5044,0
20260823_133038,1000,10,with_duplicates,lomuto_quicksort,0.000206566,12831,4478
20260823_133038,1000,10,with_duplicates,hoare_quicksort,0.000199914,18613,3060
20260823_133038,1000,10,with_duplicates,library_qsort,0.000147772,8687,0
20260823_133038,5000,10,random,lomuto_quicksort,0.001821351,70390,39765
20260823_133038,5000,10,random,hoare_quicksort,0.001299071,113545,14450
20260823_133038,5000,10,random,library_qsort,0.000868607,55208,0
20260823_133038,5000,10,sorted,lomuto_quicksort,0.225181675,12497500,12502499
20260823_133038,5000,10,sorted,hoare_quicksort,0.069219732,12512497,0
20260823_133038,5000,10,sorted,library_qsort,0.000462365,29804,0
20260823_133038,5000,10,reverse_sorted,lomuto_quicksort,0.150102925,12497500,6252499
20260823_133038,5000,10,reverse_sorted,hoare_quicksort,0.069965076,12517497,2500
20260823_133038,5000,10,reverse_sorted,library_qsort,0.000641823,32004,0
20260823_133038,5000,10,with_duplicates,lomuto_quicksort,0.001502109,91683,34158
20260823_133038,5000,10,with_duplicates,hoare_quicksort,0.001322842,113018,18157
20260823_133038,5000,10,with_duplicates,library_qsort,0.000999451,55175,0
20260823_133038,10000,10,random,lomuto_quicksort,0.003999758,154905,77073
20260823_133038,10000,10,random,hoare_quicksort,0.004026222,248779,31045
20260823_133038,10000,10,random,library_qsort,0.002156234,120378,0
20260823_133038,10000,10,sorted,lomuto_quicksort,0.926609564,49995000,50004999
20260823_133038,10000,10,sorted,hoare_quicksort,0.299764252,50024997,0
20260823_133038,10000,10,sorted,library_qsort,0.001013732,64608,0
20260823_133038,10000,10,reverse_sorted,lomuto_quicksort,0.636340547,49995000,25004999
20260823_133038,10000,10,reverse_sorted,hoare_quicksort,0.288127112,50034997,5000
20260823_133038,10000,10,reverse_sorted,library_qsort,0.001669621,69008,0
20260823_133038,10000,10,with_duplicates,lomuto_quicksort,0.003729701,185611,74231
20260823_133038,10000,10,with_duplicates,hoare_quicksort,0.002782321,240927,38572
20260823_133038,10000,10,with_duplicates,library_qsort,0.001916122,120469,0
20260823_133038,20000,10,random,lomuto_quicksort,0.007688522,321886,174087
20260823_133038,20000,10,random,hoare_quicksort,0.006246829,528613,67221
20260823_133038,20000,10,random,library_qsort,0.004368639,260864,0
20260823_133038,20000,10,sorted,lomuto_quicksort,3.669513822,199990000,200009999
20260823_133038,20000,10,sorted,hoare_quicksort,1.162735200,200049997,0
20260823_133038,20000,10,sorted,library_qsort,0.002177262,139216,0
20260823_133038,20000,10,reverse_sorted,lomuto_quicksort,2.505929899,199990000,100009999
20260823_133038,20000,10,reverse_sorted,hoare_quicksort,1.156690550,200069997,10000
20260823_133038,20000,10,reverse_sorted,library_qsort,0.002688217,148016,0
20260823_133038,20000,10,with_duplicates,lomuto_quicksort,0.006466937,388313,171672
20260823_133038,20000,10,with_duplicates,hoare_quicksort,0.005787897,544283,80970
20260823_133038,20000,10,with_duplicates,library_qsort,0.003911304,260778,0
20260823_133038,30000,10,random,lomuto_quicksort,0.010683537,523167,305819
20260823_133038,30000,10,random,hoare_quicksort,0.009631467,867833,103486
20260823_133038,30000,10,random,library_qsort,0.006426024,408482,0
20260823_133038,30000,10,sorted,lomuto_quicksort,8.212146211,449985000,450014999
20260823_133038,30000,10,sorted,hoare_quicksort,2.626031041,450074997,0
20260823_133038,30000,10,sorted,library_qsort,0.003202415,219504,0
20260823_133038,30000,10,reverse_sorted,lomuto_quicksort,5.594182539,449985000,225014999
20260823_133038,30000,10,reverse_sorted,hoare_quicksort,2.549438310,450104997,15000
20260823_133038,30000,10,reverse_sorted,library_qsort,0.004315829,227728,0
20260823_133038,30000,10,with_duplicates,lomuto_quicksort,0.010135889,617812,266694
20260823_133038,30000,10,with_duplicates,hoare_quicksort,0.008936810,813335,126948
20260823_133038,30000,10,with_duplicates,library_qsort,0.006078315,408572,0
20260823_133038,50000,10,random,lomuto_quicksort,0.020315075,965653,525122
20260823_133038,50000,10,random,hoare_quicksort,0.022034717,1492843,180507
20260823_133038,50000,10,random,library_qsort,0.010654378,718304,0
20260823_133038,50000,10,sorted,lomuto_quicksort,22.129321885,1249975000,1250024999
20260823_133038,50000,10,sorted,hoare_quicksort,6.992074084,1250124997,0
20260823_133038,50000,10,sorted,library_qsort,0.005390501,382512,0
20260823_133038,50000,10,reverse_sorted,lomuto_quicksort,15.129891896,1249975000,625024999
20260823_133038,50000,10,reverse_sorted,hoare_quicksort,6.981487679,1250174997,25000
20260823_133038,50000,10,reverse_sorted,library_qsort,0.007098508,401952,0
20260823_133038,50000,10,with_duplicates,lomuto_quicksort,0.017091393,1027648,471251
20260823_133038,50000,10,with_duplicates,hoare_quicksort,0.015508461,1433534,219274
20260823_133038,50000,10,with_duplicates,library_qsort,0.010555863,718212,0
20260823_133038,100000,10,random,lomuto_quicksort,0.038888383,2014568,1161240
20260823_133038,100000,10,random,hoare_quicksort,0.033949614,3044515,389611
20260823_133038,100000,10,random,library_qsort,0.022440076,1536394,0
